store,item,mean_demand_daily,std_demand_daily,total_annual_demand,safety_stock,opt_safety_stock,rop_static,rop_dynamic,opt_rop,eoq_wilson,eoq_scipy,min_annual_cost,current_stock,action,order_qty,days_to_reorder,priority_score
6,41,18.43,6.14,6728.0,37.82,30.26,166.85,135.4,159.29,580.0,580.0,1235.64,8,CRITICAL,580.0,-1.6,4020.03
7,1,17.16,5.6,6263.0,34.46,27.74,154.57,126.54,147.85,559.6,559.6,1188.12,8,CRITICAL,559.6,-1.5,4018.66
6,5,15.66,5.39,5716.0,33.19,26.31,142.81,119.87,135.93,534.6,534.6,1135.59,12,CRITICAL,534.6,-1.4,4017.06
9,41,26.28,8.25,9591.0,50.77,41.32,234.71,181.66,225.26,692.5,692.5,1486.53,13,CRITICAL,692.5,-1.4,4027.68
1,30,41.53,11.55,15157.0,71.06,59.76,361.74,279.86,350.44,870.55,870.55,1883.21,19,CRITICAL,870.6,-1.3,4042.83
1,41,22.48,7.0,8204.0,43.09,35.15,200.43,159.38,192.49,640.47,640.47,1367.12,14,CRITICAL,640.5,-1.3,4023.78
2,23,42.43,11.96,15486.0,73.58,61.67,370.57,290.19,358.66,879.94,879.94,1907.05,17,CRITICAL,879.9,-1.3,4043.73
4,41,26.15,7.9,9545.0,48.62,40.0,231.67,182.53,223.05,690.83,690.83,1478.91,15,CRITICAL,690.8,-1.3,4027.45
5,9,43.56,12.04,15901.0,74.11,62.43,379.06,307.59,367.38,891.66,891.66,1931.53,17,CRITICAL,891.7,-1.3,4044.86
5,23,25.24,7.48,9212.0,46.01,38.05,222.68,177.69,214.72,678.68,678.68,1449.37,14,CRITICAL,678.7,-1.3,4026.54
6,42,31.06,9.0,11336.0,55.37,46.07,272.77,218.58,263.47,752.86,752.86,1616.46,14,CRITICAL,752.9,-1.3,4032.36
7,34,20.24,6.23,7387.0,38.35,31.38,180.02,143.42,173.05,607.74,607.74,1292.18,12,CRITICAL,607.7,-1.3,4021.54
7,40,22.97,6.96,8385.0,42.81,35.19,203.62,165.47,196.0,647.5,647.5,1380.61,13,CRITICAL,647.5,-1.3,4024.27
1,5,18.7,5.71,6824.0,35.17,28.84,166.04,136.43,159.71,584.12,584.12,1238.59,13,CRITICAL,584.1,-1.2,4019.9
1,11,71.38,18.08,26055.0,111.25,95.83,610.93,488.64,595.51,1141.38,1141.38,2505.26,29,CRITICAL,1141.4,-1.2,4072.58
1,16,26.07,8.0,9516.0,49.22,40.32,231.72,182.83,222.82,689.78,689.78,1478.01,19,CRITICAL,689.8,-1.2,4027.27
1,27,22.41,7.1,8178.0,43.68,35.46,200.52,162.31,192.3,639.45,639.45,1366.27,17,CRITICAL,639.4,-1.2,4023.61
1,43,52.09,14.08,19013.0,86.66,73.42,451.29,360.19,438.05,975.01,975.01,2123.35,22,CRITICAL,975.0,-1.2,4053.29
2,34,37.4,10.31,13650.0,63.45,53.48,325.23,254.68,315.26,826.14,826.14,1779.17,20,CRITICAL,826.1,-1.2,4038.6
2,49,42.21,11.12,15408.0,68.42,58.35,363.92,287.32,353.85,877.72,877.72,1892.29,18,CRITICAL,877.7,-1.2,4043.41
3,1,28.54,7.83,10418.0,48.17,40.66,247.97,198.69,240.45,721.73,721.73,1539.81,13,CRITICAL,721.7,-1.2,4029.74
3,49,37.52,10.52,13695.0,64.72,54.32,327.36,260.11,316.96,827.5,827.5,1784.43,18,CRITICAL,827.5,-1.2,4038.72
4,19,47.78,12.78,17440.0,78.63,66.8,413.1,329.33,401.27,933.81,933.81,2024.88,22,CRITICAL,933.8,-1.2,4048.98
5,6,50.2,12.78,18322.0,78.66,67.66,430.04,334.95,419.04,957.13,957.13,2071.58,19,CRITICAL,957.1,-1.2,4051.4
5,40,24.91,7.7,9093.0,47.41,38.75,221.8,180.88,213.14,674.28,674.28,1443.37,17,CRITICAL,674.3,-1.2,4026.11
6,34,22.03,6.39,8040.0,39.33,32.71,193.52,152.98,186.9,634.03,634.03,1346.73,12,CRITICAL,634.0,-1.2,4023.23
6,36,66.25,17.1,24181.0,105.23,90.21,568.98,454.67,553.95,1099.57,1099.57,2409.6,29,CRITICAL,1099.6,-1.2,4067.45
7,33,54.39,14.24,19852.0,87.65,74.87,468.37,368.35,455.59,996.29,996.29,2167.89,22,CRITICAL,996.3,-1.2,4055.59
7,48,40.44,10.75,14759.0,66.18,56.3,349.23,276.01,339.35,859.04,859.04,1850.44,19,CRITICAL,859.0,-1.2,4041.64
8,4,29.6,8.83,10805.0,54.37,44.88,261.59,212.56,252.09,735.02,735.02,1578.77,19,CRITICAL,735.0,-1.2,4030.8
8,5,25.64,7.39,9358.0,45.47,37.88,224.94,179.58,217.35,684.03,684.03,1459.0,14,CRITICAL,684.0,-1.2,4026.84
9,1,26.37,7.56,9625.0,46.5,38.8,231.09,183.4,223.39,693.72,693.72,1480.44,15,CRITICAL,693.7,-1.2,4027.57
9,23,34.53,9.76,12605.0,60.08,50.31,301.82,240.87,292.05,793.88,793.88,1707.93,19,CRITICAL,793.9,-1.2,4035.73
9,37,35.26,9.79,12871.0,60.25,50.69,307.09,236.75,297.53,802.22,802.22,1724.93,18,CRITICAL,802.2,-1.2,4036.46
9,40,34.5,9.62,12591.0,59.18,49.74,300.65,242.14,291.21,793.44,793.44,1705.24,19,CRITICAL,793.4,-1.2,4035.7
10,5,23.46,6.79,8564.0,41.77,34.77,206.01,164.64,199.01,654.37,654.37,1392.28,14,CRITICAL,654.4,-1.2,4024.66
10,21,51.59,13.74,18832.0,84.56,71.92,445.72,349.96,433.08,970.36,970.36,2109.84,21,CRITICAL,970.4,-1.2,4052.79
10,23,37.4,10.47,13650.0,64.42,54.09,326.2,257.79,315.87,826.14,826.14,1781.11,18,CRITICAL,826.1,-1.2,4038.6
10,27,27.61,7.79,10077.0,47.96,40.18,241.22,194.23,233.43,709.82,709.82,1515.57,16,CRITICAL,709.8,-1.2,4028.81
10,37,36.82,9.9,13438.0,60.91,51.68,318.63,250.83,309.4,819.7,819.7,1761.21,18,CRITICAL,819.7,-1.2,4038.02
1,7,59.09,15.27,21568.0,93.96,80.53,507.59,405.5,494.16,1038.46,1038.46,2264.84,29,CRITICAL,1038.5,-1.1,4060.19
2,9,73.8,18.39,26937.0,113.19,97.88,629.79,499.35,614.48,1160.54,1160.54,2547.46,34,CRITICAL,1160.5,-1.1,4074.9
2,19,58.22,14.85,21252.0,91.42,78.6,498.99,392.89,486.17,1030.82,1030.82,2244.49,30,CRITICAL,1030.8,-1.1,4059.32
2,30,58.44,15.54,21329.0,95.67,81.39,504.72,391.34,490.44,1032.69,1032.69,2256.72,34,CRITICAL,1032.7,-1.1,4059.54
2,41,32.07,9.0,11706.0,55.39,46.48,279.89,217.75,270.97,765.05,765.05,1640.88,19,CRITICAL,765.0,-1.1,4033.17
3,29,89.95,21.63,32831.0,133.15,116.15,762.79,608.29,745.78,1281.23,1281.23,2828.76,36,CRITICAL,1281.2,-1.1,4091.05
3,46,75.61,18.89,27598.0,116.27,100.49,645.55,520.81,629.76,1174.69,1174.69,2581.92,36,CRITICAL,1174.7,-1.1,4076.71
4,32,52.05,14.02,18998.0,86.31,73.19,450.66,360.52,437.53,974.63,974.63,2121.88,31,CRITICAL,974.6,-1.1,4053.15
5,2,50.27,13.3,18347.0,81.88,69.75,433.74,352.61,421.61,957.78,957.78,2079.33,28,CRITICAL,957.8,-1.1,4051.37
5,3,31.32,9.07,11431.0,55.84,46.46,275.06,222.66,265.68,756.01,756.01,1623.7,22,CRITICAL,756.0,-1.1,4032.42
5,7,50.1,13.42,18288.0,82.6,70.14,433.33,349.22,420.87,956.24,956.24,2077.69,28,CRITICAL,956.2,-1.1,4051.2
5,38,69.12,16.95,25230.0,104.31,90.56,588.17,462.65,574.43,1123.17,1123.17,2454.95,30,CRITICAL,1123.2,-1.1,4070.22
5,45,69.07,17.22,25209.0,105.97,91.63,589.43,472.85,575.09,1122.7,1122.7,2457.34,28,CRITICAL,1122.7,-1.1,4070.17
6,4,18.71,6.12,6828.0,37.68,30.31,168.63,136.33,161.26,584.29,584.29,1243.95,18,CRITICAL,584.3,-1.1,4019.81
7,12,54.75,14.34,19982.0,88.24,75.37,471.46,378.3,458.58,999.55,999.55,2175.58,30,CRITICAL,999.6,-1.1,4055.85
7,13,66.08,16.86,24121.0,103.76,89.21,566.35,456.28,551.81,1098.2,1098.2,2403.93,29,CRITICAL,1098.2,-1.1,4067.18
7,19,31.82,8.88,11613.0,54.66,45.92,277.38,221.49,268.64,762.0,762.0,1633.33,21,CRITICAL,762.0,-1.1,4032.92
7,35,52.11,13.63,19019.0,83.89,71.67,448.64,353.84,436.42,975.17,975.17,2118.11,25,CRITICAL,975.2,-1.1,4053.21
7,36,60.28,15.47,22003.0,95.21,81.74,517.19,418.29,503.71,1048.88,1048.88,2288.18,28,CRITICAL,1048.9,-1.1,4061.38
8,22,111.61,26.73,40739.0,164.48,143.64,945.78,745.35,924.93,1427.22,1427.22,3183.4,46,CRITICAL,1427.2,-1.1,4112.71
8,23,40.53,10.97,14792.0,67.53,57.19,351.21,272.69,340.87,860.0,860.0,1855.06,23,CRITICAL,860.0,-1.1,4041.63
9,8,91.66,22.2,33456.0,136.62,118.98,778.24,617.53,760.6,1293.37,1293.37,2859.98,37,CRITICAL,1293.4,-1.1,4092.76
9,30,48.08,13.08,17550.0,80.51,68.1,417.09,325.0,404.67,936.75,936.75,2034.52,29,CRITICAL,936.8,-1.1,4049.18
9,34,30.5,8.56,11132.0,52.66,44.19,266.15,210.71,257.68,746.06,746.06,1597.43,18,CRITICAL,746.1,-1.1,4031.6
10,7,73.61,18.59,26869.0,114.43,98.63,629.73,506.15,613.92,1159.07,1159.07,2547.01,30,CRITICAL,1159.1,-1.1,4074.71
10,9,64.76,16.75,23636.0,103.06,88.31,556.35,444.98,541.6,1087.11,1087.11,2380.33,30,CRITICAL,1087.1,-1.1,4065.86
10,48,65.06,16.8,23747.0,103.39,88.62,558.81,445.41,544.04,1089.66,1089.66,2386.09,34,CRITICAL,1089.7,-1.1,4066.16
1,32,45.0,11.99,16425.0,73.76,62.73,388.76,309.83,377.73,906.23,906.23,1959.98,31,CRITICAL,906.2,-1.0,4046.0
1,33,71.13,17.78,25961.0,109.45,94.57,607.33,479.04,592.46,1139.32,1139.32,2497.54,37,CRITICAL,1139.3,-1.0,4072.13
1,38,83.06,20.55,30316.0,126.45,109.55,707.85,559.96,690.95,1231.18,1231.18,2715.26,47,CRITICAL,1231.2,-1.0,4084.06
1,47,22.6,7.12,8248.0,43.85,35.65,202.03,162.57,193.83,642.18,642.18,1372.07,21,CRITICAL,642.2,-1.0,4023.6
2,7,84.39,20.82,30803.0,128.15,111.09,718.89,574.07,701.84,1241.03,1241.03,2738.36,46,CRITICAL,1241.0,-1.0,4085.39
2,28,126.39,30.68,46133.0,188.83,164.35,1073.57,852.75,1049.1,1518.77,1518.77,3415.19,65,CRITICAL,1518.8,-1.0,4127.39
2,50,95.02,23.69,34684.0,145.79,126.06,810.96,638.58,791.24,1316.89,1316.89,2925.36,54,CRITICAL,1316.9,-1.0,4096.02
3,10,94.2,22.62,34384.0,139.24,121.51,798.66,622.6,780.92,1311.18,1311.18,2900.85,49,CRITICAL,1311.2,-1.0,4095.2
4,3,43.36,11.59,15827.0,71.34,60.61,374.87,301.07,364.14,889.58,889.58,1921.84,29,CRITICAL,889.6,-1.0,4044.36
4,22,94.84,22.01,34616.0,135.45,119.18,799.32,638.37,783.05,1315.6,1315.6,2902.1,40,CRITICAL,1315.6,-1.0,4095.84
4,30,47.66,13.16,17396.0,81.02,68.26,414.64,327.45,401.88,932.63,932.63,2027.3,31,CRITICAL,932.6,-1.0,4048.66
5,16,21.68,6.54,7912.0,40.25,33.12,191.99,150.19,184.86,628.97,628.97,1338.43,18,CRITICAL,629.0,-1.0,4022.68
5,37,25.18,7.34,9189.0,45.2,37.54,221.43,173.54,213.76,677.83,677.83,1446.05,21,CRITICAL,677.8,-1.0,4026.18
6,10,62.5,15.75,22813.0,96.96,83.61,534.47,419.53,521.12,1068.01,1068.01,2329.94,35,CRITICAL,1068.0,-1.0,4063.5
6,13,72.85,19.04,26589.0,117.18,100.14,627.11,495.12,610.06,1153.02,1153.02,2540.4,46,CRITICAL,1153.0,-1.0,4073.85
6,45,69.16,17.48,25242.0,107.6,92.72,591.69,472.44,576.81,1123.43,1123.43,2462.06,41,CRITICAL,1123.4,-1.0,4070.16
6,50,56.7,14.52,20694.0,89.39,76.77,486.26,381.76,473.64,1017.2,1017.2,2213.18,30,CRITICAL,1017.2,-1.0,4057.7
7,30,31.32,9.06,11433.0,55.79,46.43,275.05,218.26,265.69,756.08,756.08,1623.73,26,CRITICAL,756.1,-1.0,4032.32
7,43,40.35,11.29,14728.0,69.48,58.34,351.93,279.57,340.8,858.14,858.14,1855.24,29,CRITICAL,858.1,-1.0,4041.35
8,7,80.5,19.37,29383.0,119.19,103.96,682.7,550.71,667.47,1212.08,1212.08,2662.55,35,CRITICAL,1212.1,-1.0,4081.5
8,20,65.1,16.4,23760.0,100.91,87.04,556.58,447.4,542.71,1089.95,1089.95,2381.73,35,CRITICAL,1090.0,-1.0,4066.1
8,25,111.25,26.6,40605.0,163.73,143.02,942.46,764.04,921.75,1424.87,1424.87,3177.2,56,CRITICAL,1424.9,-1.0,4112.25
8,28,121.88,28.96,44486.0,178.26,155.96,1031.42,819.59,1009.11,1491.41,1491.41,3339.34,51,CRITICAL,1491.4,-1.0,4122.88
9,25,95.7,23.75,34929.0,146.19,126.55,816.06,660.07,796.42,1321.53,1321.53,2935.45,47,CRITICAL,1321.5,-1.0,4096.7
9,35,78.31,19.31,28583.0,118.83,103.03,667.0,530.6,651.2,1195.47,1195.47,2628.6,43,CRITICAL,1195.5,-1.0,4079.31
9,50,77.28,18.79,28209.0,115.62,100.6,656.61,518.62,641.6,1187.62,1187.62,2606.49,42,CRITICAL,1187.6,-1.0,4078.28
1,22,81.62,20.73,29791.0,127.56,109.8,698.89,559.01,681.13,1220.47,1220.47,2696.06,52,CRITICAL,1220.5,-0.9,4082.52
1,23,30.07,8.56,10975.0,52.68,44.03,263.16,206.9,254.51,740.78,740.78,1586.91,27,CRITICAL,740.8,-0.9,4030.97
1,37,29.6,9.04,10803.0,55.63,45.63,262.81,208.37,252.81,734.95,734.95,1581.16,28,CRITICAL,735.0,-0.9,4030.5
2,17,47.52,12.08,17345.0,74.36,63.99,407.0,318.83,396.63,931.26,931.26,2011.25,32,CRITICAL,931.3,-0.9,4048.42
3,24,84.94,20.82,31002.0,128.12,111.25,722.68,578.34,705.81,1245.03,1245.03,2746.3,52,CRITICAL,1245.0,-0.9,4085.84
3,33,89.17,21.44,32548.0,131.93,115.1,756.14,598.4,739.31,1275.7,1275.7,2815.25,55,CRITICAL,1275.7,-0.9,4090.07
3,44,37.25,10.7,13597.0,65.88,54.93,326.64,259.9,315.7,824.53,824.53,1780.82,34,CRITICAL,824.5,-0.9,4038.15
4,15,104.39,24.7,38101.0,151.99,133.12,882.69,697.52,863.82,1380.24,1380.24,3064.45,59,CRITICAL,1380.2,-0.9,4105.29
4,26,56.79,14.5,20729.0,89.26,76.72,486.8,382.6,474.26,1018.06,1018.06,2214.64,40,CRITICAL,1018.1,-0.9,4057.69
4,40,34.54,9.98,12606.0,61.45,51.15,303.21,243.32,292.91,793.91,793.91,1710.73,30,CRITICAL,793.9,-0.9,4035.44
5,10,63.01,15.78,22999.0,97.15,83.9,538.23,419.51,524.98,1072.36,1072.36,2339.01,42,CRITICAL,1072.4,-0.9,4063.91
5,17,28.35,8.37,10349.0,51.51,42.64,249.98,200.88,241.11,719.34,719.34,1541.7,27,CRITICAL,719.3,-0.9,4029.25
5,44,24.84,7.81,9068.0,48.06,39.1,221.97,178.71,213.01,673.35,673.35,1442.82,25,CRITICAL,673.4,-0.9,4025.74
6,1,18.48,5.36,6745.0,32.99,27.44,162.35,132.19,156.79,580.73,580.73,1227.44,17,CRITICAL,580.7,-0.9,4019.38
6,48,44.12,11.87,16105.0,73.04,61.96,381.9,304.88,370.82,897.36,897.36,1940.79,35,CRITICAL,897.4,-0.9,4045.02
7,20,37.28,10.35,13606.0,63.71,53.6,324.65,262.11,314.54,824.8,824.8,1777.03,32,CRITICAL,824.8,-0.9,4038.18
8,21,55.76,13.63,20352.0,83.91,72.91,474.22,376.76,463.22,1008.76,1008.76,2185.34,33,CRITICAL,1008.8,-0.9,4056.66
8,31,80.69,20.11,29452.0,123.75,107.02,688.58,548.12,671.85,1213.51,1213.51,2674.51,50,CRITICAL,1213.5,-0.9,4081.59
9,10,87.62,21.2,31981.0,130.5,113.67,743.83,583.29,727.0,1264.54,1264.54,2790.07,48,CRITICAL,1264.5,-0.9,4088.52
9,17,39.15,11.39,14288.0,70.08,58.24,344.1,272.7,332.26,845.22,845.22,1830.6,36,CRITICAL,845.2,-0.9,4040.05
10,10,92.7,22.36,33835.0,137.61,119.96,786.5,619.27,768.85,1300.67,1300.67,2876.57,55,CRITICAL,1300.7,-0.9,4093.6
10,11,88.34,21.33,32243.0,131.31,114.43,749.67,607.73,732.78,1269.7,1269.7,2802.03,56,CRITICAL,1269.7,-0.9,4089.24
10,44,37.1,9.62,13542.0,59.2,50.69,318.91,250.7,310.4,822.86,822.86,1764.12,26,CRITICAL,822.9,-0.9,4038.0
1,1,22.18,6.95,8097.0,42.79,34.85,198.07,159.49,190.13,636.28,636.28,1358.14,25,CRITICAL,636.3,-0.8,4022.98
1,6,59.68,14.83,21784.0,91.24,78.97,509.02,396.19,496.74,1043.65,1043.65,2269.77,42,CRITICAL,1043.6,-0.8,4060.48
1,14,59.68,15.42,21783.0,94.9,81.33,512.66,412.36,499.09,1043.62,1043.62,2277.05,47,CRITICAL,1043.6,-0.8,4060.48
1,50,66.71,16.32,24348.0,100.45,87.26,567.4,446.72,554.21,1103.36,1103.36,2407.62,49,CRITICAL,1103.4,-0.8,4067.51
3,12,88.82,21.75,32418.0,133.83,116.24,755.55,615.88,737.95,1273.15,1273.15,2813.95,62,CRITICAL,1273.2,-0.8,4089.62
3,32,56.87,14.98,20757.0,92.17,78.61,490.25,391.68,476.69,1018.75,1018.75,2221.84,46,CRITICAL,1018.8,-0.8,4057.67
3,34,33.03,9.63,12055.0,59.29,49.24,290.48,231.45,280.43,776.37,776.37,1671.32,33,CRITICAL,776.4,-0.8,4033.83
3,42,47.39,12.6,17296.0,77.54,65.97,409.24,319.43,397.68,929.95,929.95,2014.97,41,CRITICAL,930.0,-0.8,4048.19
4,18,99.9,25.13,36464.0,154.67,133.44,853.98,683.44,832.75,1350.26,1350.26,3009.86,72,CRITICAL,1350.3,-0.8,4100.7
5,14,50.22,12.91,18332.0,79.43,68.17,431.0,343.05,419.74,957.39,957.39,2073.64,41,CRITICAL,957.4,-0.8,4051.02
5,26,40.78,10.78,14883.0,66.37,56.55,351.8,279.23,341.98,862.64,862.64,1858.02,33,CRITICAL,862.6,-0.8,4041.58
5,35,56.9,14.13,20770.0,86.94,75.25,485.27,382.22,473.58,1019.07,1019.07,2212.02,43,CRITICAL,1019.1,-0.8,4057.7
5,47,18.74,6.36,6840.0,39.14,31.16,170.32,142.12,162.34,584.81,584.81,1247.9,24,CRITICAL,584.8,-0.8,4019.54
6,44,25.02,7.59,9133.0,46.7,38.38,221.85,178.56,213.53,675.76,675.76,1444.92,27,CRITICAL,675.8,-0.8,4025.82
7,10,57.84,15.59,21112.0,95.96,81.36,500.85,388.17,486.24,1027.42,1027.42,2246.77,49,CRITICAL,1027.4,-0.8,4058.64
7,18,65.72,16.44,23989.0,101.17,87.41,561.23,446.83,547.47,1095.19,1095.19,2392.73,48,CRITICAL,1095.2,-0.8,4066.52
7,27,17.17,5.89,6268.0,36.26,28.77,156.47,128.47,148.98,559.82,559.82,1192.16,22,CRITICAL,559.8,-0.8,4017.97
7,41,17.1,5.66,6242.0,34.83,27.93,154.54,124.79,147.64,558.66,558.66,1186.98,21,CRITICAL,558.7,-0.8,4017.9
7,49,22.95,7.06,8376.0,43.42,35.55,204.06,164.99,196.18,647.15,647.15,1381.14,25,CRITICAL,647.2,-0.8,4023.75
8,19,56.2,14.72,20512.0,90.59,77.37,483.97,380.21,470.75,1012.72,1012.72,2206.62,43,CRITICAL,1012.7,-0.8,4057.0
8,30,55.34,15.14,20198.0,93.17,78.69,480.53,376.63,466.05,1004.94,1004.94,2196.22,48,CRITICAL,1004.9,-0.8,4056.14
9,5,21.85,6.55,7976.0,40.34,33.25,193.3,156.31,186.21,631.51,631.51,1343.69,22,CRITICAL,631.5,-0.8,4022.65
9,31,69.19,16.98,25254.0,104.49,90.71,588.81,469.52,575.03,1123.7,1123.7,2456.38,47,CRITICAL,1123.7,-0.8,4069.99
10,17,41.84,11.59,15273.0,71.35,60.06,364.26,288.1,352.97,873.87,873.87,1890.44,38,CRITICAL,873.9,-0.8,4042.64
10,19,50.92,13.39,18584.0,82.38,70.29,438.79,347.97,426.7,963.95,963.95,2092.66,40,CRITICAL,964.0,-0.8,4051.72
1,15,90.21,21.07,32926.0,129.7,113.94,761.16,597.24,745.4,1283.08,1283.08,2825.56,66,CRITICAL,1283.1,-0.7,4090.91
1,17,33.3,9.24,12156.0,56.89,47.87,290.02,230.73,281.0,779.62,779.62,1673.01,32,CRITICAL,779.6,-0.7,4034.0
2,8,111.01,26.24,40518.0,161.48,141.46,938.54,752.9,918.52,1423.34,1423.34,3169.64,86,CRITICAL,1423.3,-0.7,4111.71
2,22,115.36,27.09,42106.0,166.75,146.3,974.26,777.55,953.81,1450.97,1450.97,3235.43,89,CRITICAL,1451.0,-0.7,4116.06
3,6,74.83,18.92,27314.0,116.42,100.32,640.25,505.88,624.15,1168.63,1168.63,2570.1,64,CRITICAL,1168.6,-0.7,4075.53
3,18,107.57,25.82,39264.0,158.93,138.7,911.94,729.96,891.71,1401.14,1401.14,3120.14,79,CRITICAL,1401.1,-0.7,4108.27
3,23,37.64,10.41,13737.0,64.04,53.94,327.49,259.15,317.39,828.76,828.76,1785.61,37,CRITICAL,828.8,-0.7,4038.34
4,2,69.3,17.54,25294.0,107.94,92.99,593.03,478.42,578.08,1124.59,1124.59,2465.06,59,CRITICAL,1124.6,-0.7,4070.0
4,6,68.56,17.27,25025.0,106.29,91.68,586.22,458.98,571.61,1118.59,1118.59,2449.77,58,CRITICAL,1118.6,-0.7,4069.26
4,9,60.39,15.2,22043.0,93.54,80.69,516.28,415.4,503.43,1049.83,1049.83,2286.75,52,CRITICAL,1049.8,-0.7,4061.09
4,24,78.39,19.04,28613.0,117.18,101.98,665.92,533.46,650.72,1196.1,1196.1,2626.56,63,CRITICAL,1196.1,-0.7,4079.09
4,35,78.16,19.25,28528.0,118.47,102.75,665.58,528.91,649.86,1194.32,1194.32,2625.58,66,CRITICAL,1194.3,-0.7,4078.86
5,25,69.56,17.59,25389.0,108.29,93.3,595.2,478.77,580.21,1126.7,1126.7,2469.98,59,CRITICAL,1126.7,-0.7,4070.26
6,20,40.66,10.84,14841.0,66.72,56.73,351.34,284.34,341.35,861.42,861.42,1856.29,39,CRITICAL,861.4,-0.7,4041.36
6,32,37.73,10.46,13772.0,64.35,54.17,328.47,260.13,318.29,829.82,829.82,1788.34,37,CRITICAL,829.8,-0.7,4038.43
6,39,37.31,9.97,13619.0,61.36,52.14,322.55,261.09,313.32,825.2,825.2,1773.11,35,CRITICAL,825.2,-0.7,4038.01
7,17,25.69,7.88,9376.0,48.48,39.72,228.29,184.77,219.53,684.69,684.69,1466.34,30,CRITICAL,684.7,-0.7,4026.39
8,16,35.62,10.31,13003.0,63.44,52.8,312.81,240.56,302.17,806.32,806.32,1739.52,38,CRITICAL,806.3,-0.7,4036.32
8,37,40.73,11.12,14865.0,68.44,57.83,353.52,276.13,342.91,862.12,862.12,1861.12,39,CRITICAL,862.1,-0.7,4041.43
8,38,111.35,26.04,40643.0,160.24,140.74,939.69,753.42,920.19,1425.53,1425.53,3171.55,83,CRITICAL,1425.5,-0.7,4112.05
9,49,35.46,10.21,12942.0,62.83,52.36,311.03,244.92,300.56,804.43,804.43,1734.51,37,CRITICAL,804.4,-0.7,4036.16
10,16,32.35,9.07,11807.0,55.83,46.85,282.27,219.4,273.29,768.34,768.34,1648.34,34,CRITICAL,768.3,-0.7,4033.05
1,20,48.48,12.5,17695.0,76.94,65.97,416.3,329.69,405.33,940.61,940.61,2035.1,47,CRITICAL,940.6,-0.6,4049.08
1,40,29.84,8.74,10891.0,53.78,44.61,262.65,211.02,253.48,737.94,737.94,1583.43,36,CRITICAL,737.9,-0.6,4030.44
1,45,81.34,20.09,29690.0,123.66,107.17,693.06,560.05,676.57,1218.4,1218.4,2684.12,72,CRITICAL,1218.4,-0.6,4081.94
2,12,100.52,24.65,36690.0,151.69,131.7,855.33,688.23,835.35,1354.44,1354.44,3012.25,89,CRITICAL,1354.4,-0.6,4101.12
2,35,95.98,23.94,35033.0,147.32,127.37,819.19,645.43,799.24,1323.5,1323.5,2941.64,91,CRITICAL,1323.5,-0.6,4096.58
3,3,47.2,11.89,17229.0,73.15,63.1,403.57,321.62,393.52,928.14,928.14,2002.59,47,CRITICAL,928.1,-0.6,4047.8
3,9,65.16,15.73,23784.0,96.79,84.36,552.92,445.45,540.49,1090.5,1090.5,2374.59,55,CRITICAL,1090.5,-0.6,4065.76
3,11,89.53,21.6,32678.0,132.93,115.87,759.63,613.76,742.57,1278.24,1278.24,2822.34,83,CRITICAL,1278.2,-0.6,4090.13
3,25,103.48,24.74,37769.0,152.26,133.01,876.6,705.32,857.35,1374.21,1374.21,3052.94,86,CRITICAL,1374.2,-0.6,4104.08
3,45,103.71,25.06,37853.0,154.23,134.39,880.18,710.42,860.34,1375.74,1375.74,3059.93,95,CRITICAL,1375.7,-0.6,4104.31
3,50,84.01,20.67,30665.0,127.19,110.34,715.29,566.21,698.44,1238.24,1238.24,2730.87,77,CRITICAL,1238.2,-0.6,4084.61
4,17,38.66,10.01,14112.0,61.63,52.79,332.27,261.59,323.43,840.0,840.0,1803.26,37,CRITICAL,840.0,-0.6,4039.26
5,24,56.28,15.03,20543.0,92.49,78.61,486.47,391.25,472.58,1013.48,1013.48,2211.95,59,CRITICAL,1013.5,-0.6,4056.88
5,34,22.02,6.78,8039.0,41.74,34.16,195.91,156.18,188.33,634.0,634.0,1351.47,28,CRITICAL,634.0,-0.6,4022.62
6,19,34.29,9.54,12517.0,58.69,49.36,298.74,238.8,289.41,791.11,791.11,1699.59,38,CRITICAL,791.1,-0.6,4034.89
7,24,51.35,12.84,18741.0,79.05,68.3,438.47,350.57,427.71,968.01,968.01,2094.13,49,CRITICAL,968.0,-0.6,4051.95
7,44,23.07,6.95,8421.0,42.75,35.2,204.25,164.76,196.7,648.88,648.88,1383.27,29,CRITICAL,648.9,-0.6,4023.67
9,18,100.24,25.52,36588.0,157.05,135.09,858.74,682.9,836.78,1352.55,1352.55,3019.21,98,CRITICAL,1352.6,-0.6,4100.84
9,27,26.13,7.66,9538.0,47.14,39.1,230.06,184.38,222.02,690.58,690.58,1475.44,32,CRITICAL,690.6,-0.6,4026.73
9,44,34.47,9.45,12583.0,58.16,49.09,299.48,238.82,290.41,793.19,793.19,1702.7,37,CRITICAL,793.2,-0.6,4035.07
10,3,46.22,12.89,16869.0,79.34,66.67,402.86,322.51,390.19,918.4,918.4,1995.47,53,CRITICAL,918.4,-0.6,4046.82
10,43,65.63,16.48,23955.0,101.4,87.53,560.81,442.41,546.94,1094.42,1094.42,2391.64,61,CRITICAL,1094.4,-0.6,4066.23
1,4,22.13,6.84,8078.0,42.09,34.41,197.01,159.51,189.33,635.53,635.53,1355.24,32,CRITICAL,635.5,-0.5,4022.63
1,24,67.04,17.06,24468.0,104.99,90.32,574.24,457.4,559.57,1106.07,1106.07,2422.13,70,CRITICAL,1106.1,-0.5,4067.54
2,10,106.15,26.04,38746.0,160.29,139.15,903.36,705.76,882.22,1391.87,1391.87,3104.32,107,CRITICAL,1391.9,-0.5,4106.65
2,15,126.43,30.13,46148.0,185.43,162.12,1070.46,837.25,1047.15,1519.01,1519.01,3408.89,116,CRITICAL,1519.0,-0.5,4126.93
2,33,99.53,24.24,36330.0,149.2,129.75,845.94,671.7,826.49,1347.78,1347.78,2993.95,100,CRITICAL,1347.8,-0.5,4100.03
2,36,111.2,26.18,40587.0,161.14,141.29,939.52,763.65,919.67,1424.55,1424.55,3171.39,111,CRITICAL,1424.6,-0.5,4111.7
2,40,42.23,11.6,15413.0,71.38,60.22,366.97,293.85,355.82,877.87,877.87,1898.49,52,CRITICAL,877.9,-0.5,4042.73
3,4,28.36,8.41,10350.0,51.75,42.79,250.24,197.54,241.28,719.37,719.37,1542.25,38,CRITICAL,719.4,-0.5,4028.86
3,36,99.22,24.17,36215.0,148.76,129.37,843.29,681.95,823.9,1345.64,1345.64,2988.8,98,CRITICAL,1345.6,-0.5,4099.72
3,39,56.94,14.6,20784.0,89.84,77.15,488.44,384.64,475.75,1019.41,1019.41,2218.5,61,CRITICAL,1019.4,-0.5,4057.44
4,45,95.5,23.75,34859.0,146.18,126.48,814.71,663.24,795.0,1320.21,1320.21,2932.78,97,CRITICAL,1320.2,-0.5,4096.0
4,46,69.21,17.64,25261.0,108.56,93.36,593.02,478.95,577.82,1123.85,1123.85,2464.83,74,CRITICAL,1123.8,-0.5,4069.71
6,2,50.69,13.35,18501.0,82.18,70.08,436.99,351.26,424.9,961.8,961.8,2087.95,55,CRITICAL,961.8,-0.5,4051.19
6,33,59.56,15.61,21740.0,96.08,82.05,513.01,406.85,498.98,1042.59,1042.59,2277.35,67,CRITICAL,1042.6,-0.5,4060.06
7,4,16.99,5.55,6202.0,34.17,27.5,153.11,125.28,146.44,556.87,556.87,1182.07,26,CRITICAL,556.9,-0.5,4017.49
7,8,60.44,14.25,22062.0,87.68,76.86,510.79,405.16,499.96,1050.29,1050.29,2275.93,60,CRITICAL,1050.3,-0.5,4060.94
7,31,46.6,12.12,17010.0,74.61,63.83,400.83,317.52,390.05,922.23,922.23,1993.67,49,CRITICAL,922.2,-0.5,4047.1
7,39,34.29,9.77,12517.0,60.15,50.26,300.2,238.27,290.31,791.11,791.11,1702.51,42,CRITICAL,791.1,-0.5,4034.79
7,45,63.27,16.23,23095.0,99.88,85.76,542.8,440.65,528.67,1074.59,1074.59,2348.95,71,CRITICAL,1074.6,-0.5,4063.77
7,47,17.66,5.9,6445.0,36.29,29.02,159.89,130.1,152.63,567.67,567.67,1207.92,27,CRITICAL,567.7,-0.5,4018.16
8,26,65.9,16.44,24052.0,101.21,87.49,562.48,437.82,548.76,1096.63,1096.63,2395.68,67,CRITICAL,1096.6,-0.5,4066.4
8,42,50.44,13.43,18410.0,82.65,70.29,435.72,341.18,423.36,959.43,959.43,2084.15,59,CRITICAL,959.4,-0.5,4050.94
8,43,70.96,18.0,25902.0,110.77,95.38,607.52,478.84,592.13,1138.02,1138.02,2497.59,75,CRITICAL,1138.0,-0.5,4071.46
8,45,110.64,26.52,40385.0,163.22,142.5,937.73,760.52,917.0,1421.0,1421.0,3168.45,112,CRITICAL,1421.0,-0.5,4111.14
9,16,30.54,8.92,11146.0,54.87,45.55,268.63,209.79,259.31,746.53,746.53,1602.79,39,CRITICAL,746.5,-0.5,4031.04
9,29,83.61,20.66,30518.0,127.14,110.18,712.42,560.04,695.46,1235.27,1235.27,2724.83,89,CRITICAL,1235.3,-0.5,4084.11
9,43,61.02,15.83,22272.0,97.4,83.39,524.53,417.16,510.53,1055.27,1055.27,2305.34,68,CRITICAL,1055.3,-0.5,4061.52
10,38,101.23,23.46,36948.0,144.4,127.09,852.99,683.68,835.68,1359.19,1359.19,3007.18,96,CRITICAL,1359.2,-0.5,4101.73
10,41,27.57,8.11,10063.0,49.91,41.36,242.9,192.93,234.35,709.33,709.33,1518.48,36,CRITICAL,709.3,-0.5,4028.07
10,46,73.87,18.78,26962.0,115.55,99.44,632.63,510.45,616.52,1161.08,1161.08,2553.25,77,CRITICAL,1161.1,-0.5,4074.37
10,47,28.11,8.69,10259.0,53.48,43.72,250.23,200.27,240.46,716.21,716.21,1539.37,40,CRITICAL,716.2,-0.5,4028.61
1,19,41.53,11.22,15160.0,69.03,58.5,359.77,285.99,349.24,870.63,870.63,1879.32,51,CRITICAL,870.6,-0.4,4041.93
1,42,37.1,9.94,13543.0,61.15,51.93,320.88,252.34,311.66,822.89,822.89,1768.08,45,CRITICAL,822.9,-0.4,4037.5
2,11,101.49,24.56,37045.0,151.16,131.67,861.61,695.16,842.12,1360.97,1360.97,3024.27,114,CRITICAL,1361.0,-0.4,4101.89
2,14,84.94,20.42,31003.0,125.65,109.63,720.23,573.7,704.2,1245.05,1245.05,2741.4,90,CRITICAL,1245.0,-0.4,4085.34
2,16,37.1,10.21,13542.0,62.82,52.98,322.53,247.37,312.69,822.86,822.86,1771.36,48,CRITICAL,822.9,-0.4,4037.5
2,29,100.26,24.14,36595.0,148.57,129.57,850.39,680.27,831.39,1352.68,1352.68,3002.51,106,CRITICAL,1352.7,-0.4,4100.66
3,26,60.6,16.01,22120.0,98.51,83.96,522.73,415.51,508.17,1051.67,1051.67,2300.35,72,CRITICAL,1051.7,-0.4,4061.0
3,31,75.22,19.29,27455.0,118.7,101.92,645.23,514.09,628.46,1171.64,1171.64,2580.69,87,CRITICAL,1171.6,-0.4,4075.62
4,4,25.96,7.76,9475.0,47.77,39.4,229.48,187.04,221.12,688.29,688.29,1472.13,37,CRITICAL,688.3,-0.4,4026.36
4,11,82.61,20.72,30151.0,127.52,110.1,705.76,574.19,688.34,1227.82,1227.82,2710.69,95,CRITICAL,1227.8,-0.4,4083.01
4,28,103.63,25.74,37826.0,158.4,137.1,883.83,712.23,862.53,1375.25,1375.25,3067.29,117,CRITICAL,1375.2,-0.4,4104.03
4,31,68.96,16.61,25171.0,102.21,89.14,584.94,469.16,571.87,1121.85,1121.85,2448.12,74,CRITICAL,1121.8,-0.4,4069.36
5,28,75.29,18.55,27480.0,114.17,99.01,641.18,512.27,626.02,1172.18,1172.18,2572.69,86,CRITICAL,1172.2,-0.4,4075.69
6,37,24.99,7.32,9123.0,45.02,37.35,219.98,176.22,212.32,675.39,675.39,1440.82,34,CRITICAL,675.4,-0.4,4025.39
6,40,25.6,7.87,9343.0,48.44,39.66,227.62,183.33,218.84,683.48,683.48,1463.85,39,CRITICAL,683.5,-0.4,4026.0
7,3,29.0,8.78,10585.0,54.03,44.42,257.03,207.56,247.42,727.5,727.5,1563.05,41,CRITICAL,727.5,-0.4,4029.4
7,11,54.77,14.35,19992.0,88.33,75.43,471.74,381.95,458.84,999.8,999.8,2176.26,67,CRITICAL,999.8,-0.4,4055.17
7,23,23.02,7.29,8404.0,44.85,36.42,206.02,163.64,197.59,648.23,648.23,1386.16,35,CRITICAL,648.2,-0.4,4023.42
7,42,28.49,8.38,10398.0,51.57,42.73,250.98,201.5,242.14,721.04,721.04,1545.22,39,CRITICAL,721.0,-0.4,4028.89
8,1,30.32,8.82,11066.0,54.3,45.12,266.52,215.75,257.35,743.84,743.84,1596.28,41,CRITICAL,743.8,-0.4,4030.72
8,48,71.31,18.54,26027.0,114.08,97.62,613.23,482.55,596.76,1140.77,1140.77,2509.69,85,CRITICAL,1140.8,-0.4,4071.71
9,7,69.48,17.23,25362.0,106.02,91.8,592.41,474.15,578.19,1126.1,1126.1,2464.24,79,CRITICAL,1126.1,-0.4,4069.88
9,11,82.57,19.34,30137.0,119.02,104.49,696.99,560.84,682.46,1227.54,1227.54,2693.12,86,CRITICAL,1227.5,-0.4,4082.97
10,33,88.53,22.55,32313.0,138.77,119.36,758.47,597.28,739.06,1271.08,1271.08,2819.7,106,CRITICAL,1271.1,-0.4,4088.93
1,48,52.78,13.88,19266.0,85.41,72.88,454.89,354.06,442.36,981.48,981.48,2133.78,71,CRITICAL,981.5,-0.3,4053.08
1,49,29.89,8.39,10909.0,51.62,43.31,260.83,208.87,252.52,738.55,738.55,1580.33,44,CRITICAL,738.6,-0.3,4030.19
2,5,26.46,8.12,9658.0,49.99,40.94,235.21,189.5,226.17,694.91,694.91,1489.8,41,CRITICAL,694.9,-0.3,4026.76
2,48,74.35,17.81,27136.0,109.61,95.71,630.03,494.6,616.12,1164.82,1164.82,2548.86,90,CRITICAL,1164.8,-0.3,4074.65
3,7,75.17,18.33,27438.0,112.8,98.07,639.01,512.55,624.28,1171.28,1171.28,2568.16,88,CRITICAL,1171.3,-0.3,4075.47
3,37,37.67,10.13,13749.0,62.37,52.9,326.05,255.2,316.58,829.13,829.13,1782.99,51,CRITICAL,829.1,-0.3,4037.97
3,47,28.39,8.48,10363.0,52.17,43.05,250.91,204.15,241.8,719.83,719.83,1543.99,45,CRITICAL,719.8,-0.3,4028.69
4,23,34.7,9.31,12667.0,57.32,48.65,300.25,238.24,291.58,795.83,795.83,1706.31,46,CRITICAL,795.8,-0.3,4035.0
5,5,16.09,5.12,5874.0,31.51,25.55,144.16,119.08,138.2,541.94,541.94,1146.9,26,CRITICAL,541.9,-0.3,4016.39
5,32,37.76,10.16,13782.0,62.5,53.02,326.81,261.43,317.33,830.12,830.12,1785.24,50,CRITICAL,830.1,-0.3,4038.06
5,33,59.63,15.9,21764.0,97.83,83.18,515.22,404.06,500.57,1043.17,1043.17,2282.0,82,CRITICAL,1043.2,-0.3,4059.93
5,39,37.41,10.78,13656.0,66.37,55.29,328.27,258.28,317.19,826.32,826.32,1785.37,57,CRITICAL,826.3,-0.3,4037.71
6,26,40.81,10.48,14895.0,64.51,55.37,350.17,275.62,341.02,862.99,862.99,1855.0,53,CRITICAL,863.0,-0.3,4041.11
6,49,24.92,7.31,9096.0,44.98,37.3,219.42,174.44,211.75,674.39,674.39,1438.74,38,CRITICAL,674.4,-0.3,4025.22
7,2,45.7,12.38,16682.0,76.21,64.53,396.14,324.0,384.46,913.29,913.29,1979.0,63,CRITICAL,913.3,-0.3,4046.0
7,5,14.44,4.99,5270.0,30.73,24.33,131.8,111.59,125.4,513.32,513.32,1088.11,26,CRITICAL,513.3,-0.3,4014.74
7,16,19.79,6.63,7224.0,40.78,32.59,179.32,143.18,171.14,601.0,601.0,1283.56,35,CRITICAL,601.0,-0.3,4020.09
7,21,31.81,8.89,11609.0,54.7,45.95,277.34,223.18,268.58,761.87,761.87,1633.15,44,CRITICAL,761.9,-0.3,4032.11
7,29,54.71,13.69,19968.0,84.28,72.8,467.23,374.77,455.75,999.2,999.2,2166.96,66,CRITICAL,999.2,-0.3,4055.01
8,11,95.97,23.13,35029.0,142.34,124.11,814.13,667.86,795.9,1323.42,1323.42,2931.53,111,CRITICAL,1323.4,-0.3,4096.27
10,8,97.14,24.53,35457.0,150.94,130.11,830.94,664.97,810.11,1331.48,1331.48,2964.85,121,CRITICAL,1331.5,-0.3,4097.44
10,34,32.19,9.24,11751.0,56.89,47.45,282.25,226.16,272.81,766.52,766.52,1646.82,48,CRITICAL,766.5,-0.3,4032.49
10,45,103.05,25.57,37615.0,157.37,136.24,878.75,704.89,857.62,1371.4,1371.4,3057.55,128,CRITICAL,1371.4,-0.3,4103.35
1,18,85.77,21.64,31305.0,133.19,114.82,733.56,586.48,715.19,1251.1,1251.1,2768.58,119,CRITICAL,1251.1,-0.2,4085.97
1,21,40.79,11.57,14888.0,71.19,59.56,356.71,284.16,345.09,862.79,862.79,1867.95,63,CRITICAL,862.8,-0.2,4040.99
1,25,81.78,19.43,29851.0,119.6,104.64,692.08,558.08,677.12,1221.7,1221.7,2682.6,104,CRITICAL,1221.7,-0.2,4081.98
1,28,89.56,22.56,32689.0,138.85,119.75,765.76,610.47,746.66,1278.46,1278.46,2834.61,121,CRITICAL,1278.5,-0.2,4089.76
2,44,42.43,11.64,15488.0,71.65,60.47,368.68,291.37,357.5,880.0,880.0,1903.3,64,CRITICAL,880.0,-0.2,4042.63
2,46,84.31,21.4,30774.0,131.69,113.37,721.88,584.38,703.56,1240.44,1240.44,2744.27,111,CRITICAL,1240.4,-0.2,4084.51
2,47,31.41,8.36,11463.0,51.45,43.76,271.29,220.48,263.6,757.07,757.07,1617.03,45,CRITICAL,757.1,-0.2,4031.61
3,30,52.01,13.33,18984.0,82.02,70.44,446.1,349.2,434.52,974.27,974.27,2112.58,71,CRITICAL,974.3,-0.2,4052.21
3,43,65.4,16.5,23870.0,101.54,87.54,559.32,444.77,545.32,1092.47,1092.47,2388.03,88,CRITICAL,1092.5,-0.2,4065.6
3,48,65.61,16.98,23946.0,104.51,89.53,563.75,451.99,548.77,1094.21,1094.21,2397.44,89,CRITICAL,1094.2,-0.2,4065.81
4,14,69.25,17.79,25277.0,109.51,93.98,594.27,474.55,578.75,1124.21,1124.21,2467.44,98,CRITICAL,1124.2,-0.2,4069.45
4,20,56.2,14.81,20514.0,91.16,77.74,484.58,389.7,471.16,1012.77,1012.77,2207.86,81,CRITICAL,1012.8,-0.2,4056.4
4,39,52.4,13.6,19127.0,83.72,71.67,450.54,351.9,438.49,977.93,977.93,2123.3,73,CRITICAL,977.9,-0.2,4052.6
5,1,18.95,5.76,6917.0,35.46,29.12,168.11,135.92,161.77,588.09,588.09,1247.1,32,CRITICAL,588.1,-0.2,4019.15
5,11,59.9,15.81,21862.0,97.33,82.96,516.6,418.86,502.23,1045.51,1045.51,2285.69,85,CRITICAL,1045.5,-0.2,4060.1
6,6,50.31,13.11,18362.0,80.7,69.01,432.85,339.73,421.16,958.18,958.18,2077.75,71,CRITICAL,958.2,-0.2,4050.51
6,14,50.71,13.16,18509.0,80.97,69.32,435.94,345.96,424.29,962.0,962.0,2085.95,70,CRITICAL,962.0,-0.2,4050.91
6,25,69.1,18.07,25222.0,111.22,95.03,594.93,481.09,578.74,1122.99,1122.99,2468.41,94,CRITICAL,1123.0,-0.2,4069.3
6,27,19.09,6.34,6968.0,39.02,31.25,172.65,139.06,164.89,590.25,590.25,1258.55,35,CRITICAL,590.2,-0.2,4019.29
6,38,68.95,17.67,25168.0,108.75,93.39,591.42,471.83,576.07,1121.78,1121.78,2461.07,94,CRITICAL,1121.8,-0.2,4069.15
6,46,49.62,13.21,18112.0,81.32,69.16,428.67,349.82,416.52,951.63,951.63,2065.9,69,CRITICAL,951.6,-0.2,4049.82
7,7,46.12,11.79,16833.0,72.56,62.35,395.38,318.58,385.18,917.41,917.41,1979.95,64,CRITICAL,917.4,-0.2,4046.32
7,50,51.35,13.95,18743.0,85.87,72.66,445.32,350.76,432.11,968.07,968.07,2107.87,78,CRITICAL,968.1,-0.2,4051.55
8,13,116.82,28.01,42641.0,172.36,150.48,990.13,798.26,968.25,1460.15,1460.15,3265.03,145,CRITICAL,1460.2,-0.2,4117.02
9,3,43.21,11.17,15770.0,68.72,58.89,371.16,298.78,361.33,887.98,887.98,1913.39,59,CRITICAL,888.0,-0.2,4043.41
9,24,77.62,18.69,28333.0,115.04,100.32,658.41,531.09,643.69,1190.23,1190.23,2610.54,102,CRITICAL,1190.2,-0.2,4077.82
9,26,55.54,14.22,20271.0,87.52,75.18,476.28,386.12,463.94,1006.75,1006.75,2188.54,79,CRITICAL,1006.8,-0.2,4055.74
10,25,101.07,25.08,36890.0,154.33,133.61,861.81,698.89,841.09,1358.12,1358.12,3024.91,138,CRITICAL,1358.1,-0.2,4101.27
10,30,50.97,13.23,18605.0,81.4,69.69,438.21,343.29,426.49,964.49,964.49,2091.79,69,CRITICAL,964.5,-0.2,4051.17
10,42,46.4,12.85,16935.0,79.11,66.6,403.89,318.27,391.38,920.19,920.19,1998.6,72,CRITICAL,920.2,-0.2,4046.6
1,9,51.85,13.12,18927.0,80.76,69.58,443.74,356.24,432.56,972.81,972.81,2107.13,76,CRITICAL,972.8,-0.1,4051.95
1,31,59.7,15.14,21790.0,93.16,80.22,511.05,411.61,498.11,1043.79,1043.79,2273.9,90,CRITICAL,1043.8,-0.1,4059.8
2,32,64.12,17.36,23405.0,106.82,90.47,555.68,437.65,539.34,1081.78,1081.78,2377.2,103,CRITICAL,1081.8,-0.1,4064.22
3,20,61.36,15.12,22396.0,93.05,80.69,522.56,419.01,510.2,1058.21,1058.21,2302.51,87,CRITICAL,1058.2,-0.1,4061.46
4,27,25.93,7.56,9463.0,46.55,38.66,228.03,184.04,220.14,687.86,687.86,1468.82,43,CRITICAL,687.9,-0.1,4026.03
4,38,95.34,23.31,34800.0,143.46,124.64,810.86,652.03,792.04,1319.09,1319.09,2925.1,136,CRITICAL,1319.1,-0.1,4095.44
5,19,34.82,9.55,12711.0,58.8,49.63,302.57,239.1,293.4,797.21,797.21,1712.03,54,CRITICAL,797.2,-0.1,4034.92
5,21,34.15,9.61,12463.0,59.16,49.59,298.18,240.69,288.61,789.4,789.4,1697.12,55,CRITICAL,789.4,-0.1,4034.25
5,22,68.93,17.3,25158.0,106.44,91.89,588.92,461.9,574.37,1121.56,1121.56,2456.0,102,CRITICAL,1121.6,-0.1,4069.03
5,30,34.38,9.43,12550.0,58.03,48.98,298.71,235.81,289.67,792.15,792.15,1700.36,53,CRITICAL,792.2,-0.1,4034.48
6,9,44.5,11.35,16243.0,69.85,60.06,381.36,303.32,371.57,901.19,901.19,1942.09,66,CRITICAL,901.2,-0.1,4044.6
6,16,22.06,6.39,8052.0,39.35,32.73,193.77,149.88,187.15,634.51,634.51,1347.72,38,CRITICAL,634.5,-0.1,4022.16
6,35,55.98,14.3,20432.0,88.01,75.64,479.86,382.7,467.49,1010.74,1010.74,2197.5,82,CRITICAL,1010.7,-0.1,4056.08
7,28,68.37,18.06,24956.0,111.13,94.72,589.74,476.98,573.32,1117.05,1117.05,2456.36,101,CRITICAL,1117.0,-0.1,4068.47
7,46,46.2,12.2,16864.0,75.08,63.99,398.5,323.15,387.41,918.26,918.26,1986.68,71,CRITICAL,918.3,-0.1,4046.3
8,3,50.78,13.89,18536.0,85.51,72.22,440.99,353.84,427.7,962.7,962.7,2096.43,82,CRITICAL,962.7,-0.1,4050.88
8,14,80.69,20.17,29451.0,124.15,107.28,688.96,551.81,672.09,1213.49,1213.49,2675.27,116,CRITICAL,1213.5,-0.1,4080.79
9,14,69.28,17.07,25286.0,105.07,91.11,590.01,471.62,576.05,1124.41,1124.41,2458.96,98,CRITICAL,1124.4,-0.1,4069.38
10,2,73.91,18.02,26978.0,110.92,96.44,628.31,509.85,613.83,1161.42,1161.42,2544.68,106,CRITICAL,1161.4,-0.1,4074.01
10,6,74.01,18.06,27014.0,111.14,96.61,629.22,492.07,614.69,1162.2,1162.2,2546.67,102,CRITICAL,1162.2,-0.1,4074.11
10,14,74.49,19.14,27188.0,117.81,101.1,639.22,512.39,622.52,1165.93,1165.93,2567.49,114,CRITICAL,1165.9,-0.1,4074.59
1,39,44.72,12.27,16321.0,75.53,63.74,388.54,308.63,376.75,903.35,903.35,1957.77,75,CRITICAL,903.4,-0.0,4044.72
4,21,47.21,12.66,17230.0,77.91,66.14,408.35,327.89,396.58,928.17,928.17,2012.16,77,CRITICAL,928.2,-0.0,4047.21
4,44,34.78,9.37,12695.0,57.64,48.88,301.11,238.15,292.35,796.71,796.71,1708.7,56,CRITICAL,796.7,-0.0,4034.78
5,13,72.3,18.58,26390.0,114.35,98.13,620.46,500.52,604.24,1148.69,1148.69,2526.09,114,CRITICAL,1148.7,-0.0,4072.3
6,11,59.42,15.42,21690.0,94.88,81.23,510.85,414.9,497.2,1041.39,1041.39,2272.55,92,CRITICAL,1041.4,-0.0,4059.42
8,8,107.38,25.78,39194.0,158.67,138.47,910.34,718.13,890.13,1399.89,1399.89,3117.13,158,CRITICAL,1399.9,-0.0,4107.38
8,33,96.75,24.48,35313.0,150.65,129.79,827.89,642.29,807.02,1328.78,1328.78,2958.86,146,CRITICAL,1328.8,-0.0,4096.75
10,1,27.56,7.98,10059.0,49.13,40.88,242.04,193.45,233.79,709.19,709.19,1516.64,49,CRITICAL,709.2,-0.0,4027.56
10,28,111.06,26.32,40536.0,162.01,141.83,939.41,748.33,919.23,1423.66,1423.66,3171.33,161,CRITICAL,1423.7,-0.0,4111.06
1,3,37.39,10.52,13646.0,64.73,54.28,326.43,257.74,315.98,826.01,826.01,1781.49,65,LOW,826.0,0.0,3037.39
1,29,71.27,17.35,26015.0,106.76,92.86,605.68,482.91,591.78,1140.5,1140.5,2494.53,109,LOW,1140.5,0.0,3071.27
3,2,74.85,19.11,27322.0,117.64,101.12,641.62,523.08,625.1,1168.8,1168.8,2572.89,120,LOW,1168.8,0.0,3074.85
3,27,28.21,8.58,10298.0,52.81,43.36,250.31,202.65,240.86,717.57,717.57,1540.75,54,LOW,717.6,0.0,3028.21
4,7,69.3,18.25,25293.0,112.3,95.79,597.37,476.85,580.86,1124.57,1124.57,2473.73,115,LOW,1124.6,0.0,3069.3
4,25,94.8,23.98,34602.0,147.61,127.17,811.21,665.35,790.77,1315.33,1315.33,2925.89,152,LOW,1315.3,0.0,3094.8
5,8,66.25,17.01,24182.0,104.7,89.87,568.46,453.39,553.64,1099.59,1099.59,2408.58,107,LOW,1099.6,0.0,3066.25
6,29,59.06,15.4,21558.0,94.75,81.02,508.19,408.37,494.47,1038.22,1038.22,2265.94,97,LOW,1038.2,0.0,3059.06
8,10,101.19,23.46,36933.0,144.39,127.07,852.69,663.55,835.38,1358.92,1358.92,3006.61,147,LOW,1358.9,0.0,3101.19
8,32,60.84,15.87,22208.0,97.68,83.51,523.59,418.77,509.42,1053.76,1053.76,2302.87,99,LOW,1053.8,0.0,3060.84
9,4,26.0,8.27,9491.0,50.9,41.28,232.92,186.91,223.3,688.88,688.88,1479.55,52,LOW,688.9,0.0,3026.0
9,33,82.53,20.12,30123.0,123.8,107.65,701.5,550.95,685.35,1227.25,1227.25,2702.11,127,LOW,1227.2,0.0,3082.53
10,31,73.51,18.42,26832.0,113.39,97.92,627.98,501.55,612.51,1158.27,1158.27,2543.33,115,LOW,1158.3,0.0,3073.51
1,46,59.69,15.11,21786.0,93.01,80.12,510.82,410.98,497.93,1043.7,1043.7,2273.41,98,LOW,1043.7,0.1,3059.59
2,27,31.95,8.95,11663.0,55.11,46.26,278.78,221.8,269.93,763.64,763.64,1637.51,59,LOW,763.6,0.1,3031.85
2,37,42.16,11.21,15390.0,69.01,58.71,364.16,285.02,353.86,877.21,877.21,1892.44,75,LOW,877.2,0.1,3042.06
3,15,113.58,26.7,41457.0,164.32,144.14,959.39,755.11,939.2,1439.74,1439.74,3208.12,179,LOW,1439.7,0.1,3113.48
4,12,82.06,20.54,29953.0,126.39,109.19,700.83,566.28,683.63,1223.79,1223.79,2700.35,137,LOW,1223.8,0.1,3081.96
4,13,98.8,23.94,36061.0,147.35,128.3,838.93,683.26,819.88,1342.78,1342.78,2980.25,162,LOW,1342.8,0.1,3098.7
4,16,30.71,8.7,11210.0,53.52,44.8,268.51,209.22,259.79,748.67,748.67,1604.37,57,LOW,748.7,0.1,3030.61
4,47,26.17,7.5,9553.0,46.17,38.52,229.38,185.3,221.73,691.12,691.12,1474.58,49,LOW,691.1,0.1,3026.07
5,12,59.29,15.2,21641.0,93.57,80.34,508.6,409.96,495.38,1040.22,1040.22,2267.57,97,LOW,1040.2,0.1,3059.19
5,41,18.92,6.15,6905.0,37.85,30.51,170.27,137.2,162.93,587.58,587.58,1250.86,39,LOW,587.6,0.1,3018.82
6,8,65.84,17.09,24031.0,105.19,90.04,566.06,451.08,550.91,1096.15,1096.15,2402.68,113,LOW,1096.2,0.1,3065.74
6,17,28.08,7.8,10251.0,48.03,40.4,244.62,198.61,236.99,715.93,715.93,1527.91,52,LOW,715.9,0.1,3027.98
6,18,72.16,18.46,26337.0,113.59,97.59,618.68,497.08,602.69,1147.54,1147.54,2522.26,124,LOW,1147.5,0.1,3072.06
6,21,34.53,9.97,12602.0,61.37,51.1,303.05,241.2,292.78,793.79,793.79,1710.32,64,LOW,793.8,0.1,3034.43
6,28,75.04,18.57,27391.0,114.28,99.0,639.59,511.47,624.31,1170.28,1170.28,2569.12,120,LOW,1170.3,0.1,3074.94
6,47,18.68,5.86,6818.0,36.04,29.35,166.8,139.32,160.1,583.87,583.87,1239.81,37,LOW,583.9,0.1,3018.58
7,22,62.96,16.5,22982.0,101.58,86.74,542.33,434.41,527.49,1071.96,1071.96,2347.08,109,LOW,1072.0,0.1,3062.86
7,32,34.24,9.78,12498.0,60.21,50.28,299.9,240.68,289.97,790.51,790.51,1701.43,63,LOW,790.5,0.1,3034.14
7,37,22.77,6.78,8312.0,41.7,34.45,201.11,159.84,193.85,644.67,644.67,1372.74,45,LOW,644.7,0.1,3022.67
7,38,62.17,15.99,22693.0,98.39,84.42,533.6,433.78,519.63,1065.2,1065.2,2327.18,107,LOW,1065.2,0.1,3062.07
8,6,80.75,20.46,29474.0,125.9,108.43,691.15,541.05,673.69,1213.96,1213.96,2679.72,131,LOW,1214.0,0.1,3080.65
8,12,95.71,23.07,34935.0,141.97,123.78,811.96,663.91,793.77,1321.65,1321.65,2927.23,150,LOW,1321.6,0.1,3095.61
8,27,30.22,8.82,11032.0,54.27,45.07,265.84,216.59,256.64,742.7,742.7,1593.94,58,LOW,742.7,0.1,3030.12
8,49,40.71,10.99,14859.0,67.64,57.32,352.61,276.53,342.29,861.95,861.95,1859.17,71,LOW,862.0,0.1,3040.61
9,15,104.68,25.43,38208.0,156.48,136.18,889.24,700.38,868.93,1382.17,1382.17,3077.3,165,LOW,1382.2,0.1,3104.58
9,19,48.16,12.34,17580.0,75.94,65.22,413.09,328.03,402.37,937.55,937.55,2026.98,81,LOW,937.6,0.1,3048.06
9,39,52.55,13.74,19182.0,84.56,72.25,452.43,357.07,440.13,979.34,979.34,2127.79,88,LOW,979.3,0.1,3052.45
10,12,88.34,21.97,32244.0,135.23,117.0,753.61,607.17,735.38,1269.72,1269.72,2809.91,143,LOW,1269.7,0.1,3088.24
10,32,55.48,14.47,20251.0,89.08,76.16,477.46,381.37,464.53,1006.26,1006.26,2190.67,92,LOW,1006.3,0.1,3055.38
10,35,83.0,19.72,30294.0,121.36,106.18,702.34,556.11,687.16,1230.73,1230.73,2704.18,126,LOW,1230.7,0.1,3082.9
1,10,75.32,18.8,27493.0,115.72,100.03,642.98,512.6,627.3,1172.45,1172.45,2576.35,131,LOW,1172.4,0.2,3075.12
1,26,48.99,13.12,17880.0,80.77,68.59,423.67,328.08,411.49,945.52,945.52,2052.57,92,LOW,945.5,0.2,3048.79
2,25,115.72,28.34,42239.0,174.42,151.48,984.48,803.91,961.54,1453.25,1453.25,3255.35,201,LOW,1453.2,0.2,3115.52
2,26,69.39,17.24,25326.0,106.09,91.81,591.79,456.06,577.52,1125.3,1125.3,2462.78,123,LOW,1125.3,0.2,3069.19
2,38,116.4,27.68,42486.0,170.34,149.0,985.14,784.59,963.8,1457.5,1457.5,3255.68,188,LOW,1457.5,0.2,3116.2
2,42,53.13,13.58,19392.0,83.56,71.81,455.46,354.08,443.71,984.68,984.68,2136.49,96,LOW,984.7,0.2,3052.93
3,38,103.49,25.3,37773.0,155.72,135.29,880.13,702.85,859.71,1374.28,1374.28,3060.0,178,LOW,1374.3,0.2,3103.29
4,36,91.37,22.3,33351.0,137.26,119.31,776.87,634.0,758.91,1291.34,1291.34,2857.19,154,LOW,1291.3,0.2,3091.17
4,37,34.7,9.72,12666.0,59.85,50.23,302.76,239.68,293.14,795.8,795.8,1711.3,67,LOW,795.8,0.2,3034.5
4,50,77.34,20.01,28230.0,123.14,105.5,664.54,529.87,646.9,1188.07,1188.07,2622.41,141,LOW,1188.1,0.2,3077.14
5,27,18.84,6.19,6877.0,38.1,30.61,169.99,139.55,162.5,586.39,586.39,1248.97,42,LOW,586.4,0.2,3018.64
5,31,50.52,13.56,18440.0,83.44,70.83,437.08,348.12,424.47,960.21,960.21,2087.3,95,LOW,960.2,0.2,3050.32
5,49,25.47,7.79,9296.0,47.93,39.3,226.21,178.55,217.58,681.76,681.76,1459.38,52,LOW,681.8,0.2,3025.27
6,30,34.01,9.81,12414.0,60.38,50.29,298.46,238.97,288.37,787.85,787.85,1696.45,67,LOW,787.8,0.2,3033.81
7,9,40.57,10.7,14809.0,65.84,56.14,349.85,277.36,340.15,860.49,860.49,1852.67,73,LOW,860.5,0.2,3040.37
7,26,37.04,10.03,13520.0,61.74,52.28,321.03,252.69,311.57,822.19,822.19,1767.86,68,LOW,822.2,0.2,3036.84
8,24,91.04,22.43,33231.0,138.06,119.73,775.37,617.87,757.03,1289.01,1289.01,2854.14,153,LOW,1289.0,0.2,3090.84
8,40,40.43,10.76,14756.0,66.22,56.33,349.21,279.37,339.32,858.95,858.95,1850.35,76,LOW,859.0,0.2,3040.23
8,44,40.63,10.75,14830.0,66.18,56.37,350.59,275.44,340.79,861.1,861.1,1854.57,76,LOW,861.1,0.2,3040.43
9,21,48.01,12.79,17524.0,78.72,66.94,414.8,329.51,403.02,936.06,936.06,2029.55,88,LOW,936.1,0.2,3047.81
9,32,52.42,13.76,19135.0,84.66,72.27,451.63,359.87,439.25,978.14,978.14,2125.59,95,LOW,978.1,0.2,3052.22
9,36,90.99,22.69,33213.0,139.66,120.76,776.62,632.47,757.72,1288.66,1288.66,2856.64,156,LOW,1288.7,0.2,3090.79
10,4,27.74,8.32,10125.0,51.22,42.22,245.4,195.96,236.39,711.51,711.51,1525.46,57,LOW,711.5,0.2,3027.54
2,1,31.74,9.22,11584.0,56.76,47.18,278.92,223.35,269.34,761.05,761.05,1635.62,65,LOW,761.0,0.3,3031.44
2,2,84.16,21.3,30718.0,131.11,112.94,720.22,589.82,702.06,1239.31,1239.31,2740.85,155,LOW,1239.3,0.3,3083.86
2,21,58.05,15.1,21188.0,92.95,79.52,499.3,395.01,485.87,1029.27,1029.27,2244.44,111,LOW,1029.3,0.3,3057.75
3,8,98.42,24.24,35924.0,149.16,129.37,838.11,673.14,818.32,1340.22,1340.22,2978.77,177,LOW,1340.2,0.3,3098.12
3,16,33.03,9.1,12055.0,55.99,47.21,287.18,222.98,278.4,776.37,776.37,1664.72,66,LOW,776.4,0.3,3032.73
3,17,42.38,10.98,15467.0,67.56,57.86,364.19,288.27,354.49,879.4,879.4,1893.93,81,LOW,879.4,0.3,3042.08
3,19,51.57,13.75,18824.0,84.61,71.94,445.62,351.79,432.95,970.15,970.15,2109.53,101,LOW,970.2,0.3,3051.27
3,21,52.03,13.37,18992.0,82.29,70.62,446.52,353.9,434.85,974.47,974.47,2113.53,98,LOW,974.5,0.3,3051.73
4,5,21.65,6.87,7902.0,42.29,34.32,193.84,159.18,185.86,628.57,628.57,1341.72,49,LOW,628.6,0.3,3021.35
4,8,91.77,22.53,33496.0,138.67,120.36,781.06,621.48,762.75,1294.14,1294.14,2865.62,170,LOW,1294.1,0.3,3091.47
4,10,86.48,20.82,31565.0,128.11,111.74,733.47,582.11,717.09,1256.28,1256.28,2768.79,157,LOW,1256.3,0.3,3086.18
4,34,30.58,8.87,11163.0,54.58,45.4,268.66,214.32,259.48,747.09,747.09,1603.35,65,LOW,747.1,0.3,3030.28
4,49,34.68,9.67,12658.0,59.48,50.0,302.24,242.24,292.75,795.55,795.55,1710.06,70,LOW,795.6,0.3,3034.38
5,4,18.57,5.74,6778.0,35.34,28.89,165.33,135.8,158.87,582.15,582.15,1234.98,40,LOW,582.2,0.3,3018.27
5,15,75.25,18.79,27466.0,115.63,99.95,642.38,512.15,626.69,1171.88,1171.88,2575.02,137,LOW,1171.9,0.3,3074.95
5,36,65.48,16.18,23902.0,99.61,86.31,558.0,447.88,544.71,1093.21,1093.21,2385.63,121,LOW,1093.2,0.3,3065.18
5,50,57.07,15.05,20829.0,92.6,78.95,492.06,386.76,478.41,1020.51,1020.51,2226.23,112,LOW,1020.5,0.3,3056.77
6,3,31.38,8.89,11452.0,54.7,45.78,274.33,225.49,265.41,756.7,756.7,1622.81,64,LOW,756.7,0.3,3031.08
6,22,68.5,17.37,25003.0,106.93,92.07,586.44,466.22,571.58,1118.1,1118.1,2450.06,127,LOW,1118.1,0.3,3068.2
6,23,25.11,7.56,9166.0,46.51,38.3,222.3,178.03,214.09,676.98,676.98,1446.98,53,LOW,677.0,0.3,3024.81
6,43,44.32,11.72,16176.0,72.12,61.45,382.34,301.89,371.67,899.33,899.33,1942.91,84,LOW,899.3,0.3,3044.02
8,35,90.56,22.15,33055.0,136.35,118.45,770.28,610.56,752.38,1285.59,1285.59,2843.89,161,LOW,1285.6,0.3,3090.26
8,39,60.86,15.57,22214.0,95.85,82.34,521.87,409.75,508.36,1053.9,1053.9,2299.5,112,LOW,1053.9,0.3,3060.56
8,47,30.62,8.74,11177.0,53.78,44.93,268.13,217.81,259.28,747.56,747.56,1602.69,62,LOW,747.6,0.3,3030.32
8,50,91.17,22.12,33277.0,136.14,118.51,774.33,605.85,756.7,1289.9,1289.9,2852.09,162,LOW,1289.9,0.3,3090.87
9,20,56.05,14.09,20457.0,86.72,74.83,479.05,385.21,467.16,1011.36,1011.36,2196.16,102,LOW,1011.4,0.3,3055.75
9,48,60.76,15.1,22178.0,92.93,80.42,518.26,418.22,505.75,1053.04,1053.04,2291.95,112,LOW,1053.0,0.3,3060.46
10,13,106.75,25.33,38964.0,155.87,136.42,903.12,725.49,883.67,1395.78,1395.78,3103.3,193,LOW,1395.8,0.3,3106.45
10,49,36.73,10.59,13405.0,65.18,54.3,322.26,258.25,311.38,818.69,818.69,1767.74,77,LOW,818.7,0.3,3036.43
1,36,77.78,19.84,28389.0,122.09,104.98,666.54,538.19,649.42,1191.41,1191.41,2626.99,152,LOW,1191.4,0.4,3077.38
1,44,30.57,8.61,11159.0,52.99,44.42,267.0,210.6,258.43,746.96,746.96,1599.9,64,LOW,747.0,0.4,3030.17
2,4,31.92,8.75,11651.0,53.88,45.48,277.32,220.15,268.92,763.25,763.25,1634.26,68,LOW,763.2,0.4,3031.52
2,13,121.38,29.82,44305.0,183.5,159.25,1033.18,833.95,1008.94,1488.37,1488.37,3343.74,237,LOW,1488.4,0.4,3120.98
2,18,122.67,30.31,44776.0,186.51,161.64,1045.23,821.46,1020.36,1496.26,1496.26,3365.54,233,LOW,1496.3,0.4,3122.27
2,24,95.8,23.29,34966.0,143.34,124.71,813.92,645.73,795.29,1322.23,1322.23,2931.15,185,LOW,1322.2,0.4,3095.4
2,39,62.31,15.93,22743.0,98.02,84.23,534.19,421.58,520.4,1066.37,1066.37,2328.78,126,LOW,1066.4,0.4,3061.91
2,43,73.79,18.11,26932.0,111.45,96.75,627.95,499.27,613.25,1160.43,1160.43,2543.76,139,LOW,1160.4,0.4,3073.39
2,45,116.83,28.26,42644.0,173.95,151.53,991.78,797.64,969.36,1460.21,1460.21,3268.31,226,LOW,1460.2,0.4,3116.43
3,14,75.53,18.67,27567.0,114.88,99.55,643.56,513.02,628.23,1174.03,1174.03,2577.82,144,LOW,1174.0,0.4,3075.13
3,40,38.22,10.95,13950.0,67.39,56.23,334.92,269.97,323.77,835.16,835.16,1805.11,83,LOW,835.2,0.4,3037.82
3,41,28.36,8.11,10351.0,49.92,41.67,248.43,194.47,240.19,719.41,719.41,1538.66,60,LOW,719.4,0.4,3027.96
4,1,25.7,7.76,9379.0,47.78,39.3,227.65,185.09,219.17,684.8,684.8,1465.16,57,LOW,684.8,0.4,3025.3
4,42,43.31,11.43,15808.0,70.37,59.98,373.54,294.02,363.15,889.04,889.04,1918.83,87,LOW,889.0,0.4,3042.91
5,18,72.36,17.7,26413.0,108.93,94.63,615.48,487.59,601.18,1149.2,1149.2,2516.25,137,LOW,1149.2,0.4,3071.96
5,20,40.44,10.57,14759.0,65.02,55.57,348.07,283.2,338.62,859.04,859.04,1848.12,81,LOW,859.0,0.4,3040.04
5,29,59.34,15.77,21660.0,97.05,82.58,512.45,408.97,497.98,1040.67,1040.67,2275.45,119,LOW,1040.7,0.4,3058.94
6,15,74.83,19.46,27314.0,119.77,102.48,643.6,508.47,626.31,1168.63,1168.63,2576.8,150,LOW,1168.6,0.4,3074.43
6,24,56.74,15.26,20709.0,93.91,79.67,491.07,394.71,476.83,1017.57,1017.57,2222.96,118,LOW,1017.6,0.4,3056.34
6,31,50.58,12.84,18463.0,79.0,68.01,433.08,341.12,422.1,960.81,960.81,2079.61,99,LOW,960.8,0.4,3050.18
7,15,68.55,17.12,25022.0,105.36,91.07,585.23,460.05,570.94,1118.53,1118.53,2447.77,134,LOW,1118.5,0.4,3068.15
8,34,35.63,10.04,13005.0,61.78,51.78,311.19,246.84,301.19,806.38,806.38,1736.32,77,LOW,806.4,0.4,3035.23
9,22,95.93,23.1,35014.0,142.19,124.0,813.69,643.06,795.5,1323.14,1323.14,2930.66,177,LOW,1323.1,0.4,3095.53
9,38,95.75,24.41,34948.0,150.22,129.18,820.46,652.26,799.41,1321.89,1321.89,2944.23,184,LOW,1321.9,0.4,3095.35
9,45,96.41,23.67,35191.0,145.67,126.44,820.57,655.93,801.33,1326.48,1326.48,2944.3,186,LOW,1326.5,0.4,3096.01
1,8,78.33,19.66,28591.0,121.01,104.46,669.33,535.94,652.78,1195.64,1195.64,2633.3,160,LOW,1195.6,0.5,3077.83
1,13,85.53,20.56,31220.0,126.55,110.41,725.29,586.68,709.15,1249.4,1249.4,2751.9,169,LOW,1249.4,0.5,3085.03
1,34,26.21,7.55,9568.0,46.44,38.71,229.94,183.99,222.2,691.66,691.66,1476.21,60,LOW,691.7,0.5,3025.71
2,31,84.25,21.14,30751.0,130.13,112.34,719.88,575.24,702.08,1239.98,1239.98,2740.22,171,LOW,1240.0,0.5,3083.75
3,5,23.74,7.01,8665.0,43.12,35.7,209.3,168.11,201.87,658.22,658.22,1402.67,54,LOW,658.2,0.5,3023.24
3,28,112.67,26.46,41126.0,162.84,142.88,951.56,757.6,931.59,1433.98,1433.98,3193.64,221,LOW,1434.0,0.5,3112.17
4,43,61.29,15.34,22370.0,94.38,81.54,523.39,416.3,510.55,1057.59,1057.59,2303.94,128,LOW,1057.6,0.5,3060.79
4,48,60.38,15.71,22040.0,96.68,82.71,519.36,417.35,505.4,1049.76,1049.76,2292.88,125,LOW,1049.8,0.5,3059.88
5,43,43.95,11.78,16043.0,72.47,61.54,380.14,306.38,369.21,895.63,895.63,1936.2,96,LOW,895.6,0.5,3043.45
6,7,49.87,13.38,18202.0,82.33,69.89,431.41,349.91,418.97,953.99,953.99,2072.64,107,LOW,954.0,0.5,3049.37
8,2,80.87,20.72,29517.0,127.53,109.53,693.61,562.96,675.61,1214.85,1214.85,2684.75,166,LOW,1214.8,0.5,3080.37
8,29,96.16,23.21,35099.0,142.87,124.52,816.0,646.56,797.65,1324.75,1324.75,2935.23,190,LOW,1324.8,0.5,3095.66
8,36,106.95,25.34,39037.0,155.93,136.52,904.58,719.54,885.18,1397.09,1397.09,3106.03,209,LOW,1397.1,0.5,3106.45
8,41,30.68,8.8,11198.0,54.18,45.19,268.94,211.18,259.95,748.26,748.26,1604.89,70,LOW,748.3,0.5,3030.18
9,6,69.05,17.98,25205.0,110.65,94.65,594.03,466.69,578.03,1122.61,1122.61,2466.52,145,LOW,1122.6,0.5,3068.55
9,9,60.77,15.55,22181.0,95.71,82.22,521.1,419.95,507.61,1053.11,1053.11,2297.65,127,LOW,1053.1,0.5,3060.27
9,47,26.07,7.46,9514.0,45.9,38.32,228.36,182.87,220.78,689.71,689.71,1471.22,59,LOW,689.7,0.5,3025.57
10,18,106.21,25.84,38765.0,159.05,138.35,902.49,720.07,881.79,1392.21,1392.21,3102.52,217,LOW,1392.2,0.5,3105.71
10,26,60.64,15.52,22133.0,95.55,82.07,520.02,406.75,506.54,1051.97,1051.97,2295.05,127,LOW,1052.0,0.5,3060.14
10,40,36.9,9.79,13470.0,60.24,51.29,318.57,254.21,309.62,820.67,820.67,1761.82,79,LOW,820.7,0.5,3036.4
1,2,59.79,15.98,21823.0,98.33,83.55,516.85,418.75,502.08,1044.58,1044.58,2285.82,136,LOW,1044.6,0.6,3059.19
1,12,71.62,18.42,26143.0,113.36,97.27,614.73,489.74,598.64,1143.31,1143.31,2513.33,159,LOW,1143.3,0.6,3071.02
2,6,84.16,20.75,30717.0,127.69,110.72,716.78,557.64,699.81,1239.29,1239.29,2733.97,181,LOW,1239.3,0.6,3083.56
3,22,102.73,25.09,37496.0,154.42,134.2,873.52,701.46,853.3,1369.23,1369.23,3047.31,211,LOW,1369.2,0.6,3102.13
4,33,82.35,20.24,30056.0,124.55,108.08,700.97,558.43,684.49,1225.89,1225.89,2700.87,175,LOW,1225.9,0.6,3081.75
7,6,45.95,12.3,16772.0,75.72,64.31,397.37,311.29,385.96,915.75,915.75,1982.94,101,LOW,915.8,0.6,3045.35
8,9,71.88,18.19,26236.0,111.97,96.45,615.13,487.17,599.61,1145.34,1145.34,2514.62,156,LOW,1145.3,0.6,3071.28
8,17,44.62,11.57,16288.0,71.18,60.96,383.55,309.73,373.33,902.44,902.44,1947.24,99,LOW,902.4,0.6,3044.02
8,18,116.57,28.19,42547.0,173.5,151.15,989.47,795.37,967.12,1458.54,1458.54,3264.09,239,LOW,1458.5,0.6,3115.97
9,2,69.15,17.48,25239.0,107.6,92.72,591.64,478.02,576.75,1123.37,1123.37,2461.93,147,LOW,1123.4,0.6,3068.55
9,12,82.75,20.44,30203.0,125.81,109.04,705.05,561.65,688.27,1228.88,1228.88,2709.38,176,LOW,1228.9,0.6,3082.15
9,28,104.51,25.11,38145.0,154.54,134.85,886.09,701.38,866.39,1381.03,1381.03,3071.14,218,LOW,1381.0,0.6,3103.91
9,42,42.82,11.51,15630.0,70.83,60.1,370.58,295.23,359.85,884.02,884.02,1909.71,95,LOW,884.0,0.6,3042.22
9,46,69.16,17.78,25244.0,109.45,93.92,593.58,478.24,578.05,1123.48,1123.48,2465.85,152,LOW,1123.5,0.6,3068.56
10,24,83.09,20.45,30329.0,125.88,109.19,707.53,567.06,690.84,1231.44,1231.44,2714.64,178,LOW,1231.4,0.6,3082.49
10,36,96.76,23.63,35317.0,145.44,126.4,822.75,673.48,803.71,1328.85,1328.85,2948.59,199,LOW,1328.8,0.6,3096.16
1,35,67.02,16.54,24462.0,101.78,88.23,570.91,457.41,557.37,1105.94,1105.94,2415.44,148,LOW,1105.9,0.7,3066.32
2,20,68.62,16.87,25045.0,103.82,90.08,584.14,456.63,570.39,1119.04,1119.04,2445.72,149,LOW,1119.0,0.7,3067.92
3,35,83.36,20.23,30428.0,124.51,108.37,708.06,566.99,691.92,1233.45,1233.45,2715.92,185,LOW,1233.4,0.7,3082.66
4,29,82.85,20.51,30241.0,126.22,109.33,706.18,558.57,689.3,1229.65,1229.65,2711.75,181,LOW,1229.6,0.7,3082.15
5,42,31.13,8.37,11362.0,51.53,43.71,269.43,216.62,261.62,753.72,753.72,1610.51,72,LOW,753.7,0.7,3030.43
5,46,50.28,12.78,18354.0,78.63,67.67,430.62,346.98,419.67,957.97,957.97,2073.19,112,LOW,958.0,0.7,3049.58
5,48,44.28,11.6,16161.0,71.39,60.97,381.33,303.45,370.9,898.92,898.92,1940.61,103,LOW,898.9,0.7,3043.58
7,14,45.82,11.71,16726.0,72.06,61.93,392.83,318.28,382.7,914.49,914.49,1973.11,105,LOW,914.5,0.7,3045.12
7,25,63.81,16.36,23290.0,100.69,86.46,547.35,442.59,533.12,1079.12,1079.12,2359.62,146,LOW,1079.1,0.7,3063.11
8,15,121.73,29.03,44431.0,178.67,156.18,1030.77,805.59,1008.28,1490.49,1490.49,3338.31,263,LOW,1490.5,0.7,3121.03
8,46,81.04,19.61,29578.0,120.68,105.12,687.93,552.87,672.37,1216.1,1216.1,2673.56,178,LOW,1216.1,0.7,3080.34
9,13,100.18,23.81,36565.0,146.51,128.18,847.76,675.06,829.43,1352.13,1352.13,2997.28,218,LOW,1352.1,0.7,3099.48
10,20,60.25,15.06,21990.0,92.68,80.09,514.41,412.82,501.82,1048.57,1048.57,2282.5,132,LOW,1048.6,0.7,3059.55
10,29,87.62,21.29,31983.0,131.04,114.03,744.41,593.19,727.4,1264.58,1264.58,2791.23,194,LOW,1264.6,0.7,3086.92
10,39,55.68,13.8,20324.0,84.95,73.56,474.73,375.28,463.34,1008.07,1008.07,2186.03,123,LOW,1008.1,0.7,3054.98
2,3,53.31,12.74,19457.0,78.42,68.51,451.57,357.42,441.66,986.33,986.33,2129.5,122,LOW,986.3,0.8,3052.51
3,13,108.79,25.66,39709.0,157.93,138.41,919.47,734.47,899.96,1409.06,1409.06,3133.98,240,LOW,1409.1,0.8,3107.99
6,12,59.25,14.35,21625.0,88.32,76.91,503.05,406.42,491.64,1039.83,1039.83,2256.3,136,LOW,1039.8,0.8,3058.45
10,15,110.99,25.77,40513.0,158.61,139.54,935.57,740.92,916.5,1423.25,1423.25,3163.73,249,LOW,1423.2,0.8,3110.19
10,22,101.35,24.02,36991.0,147.82,129.41,857.24,682.16,838.82,1359.98,1359.98,3015.6,233,LOW,1360.0,0.8,3100.55
10,50,82.9,20.64,30260.0,127.05,109.89,707.38,559.52,690.22,1230.04,1230.04,2714.18,190,LOW,1230.0,0.8,3082.1
